年份,年度排名,车系名称,车系ID,厂商,品牌,价格区间,车系类型,销量
2023年,1,Model Y,4363,特斯拉中国,特斯拉,26.35-31.35万,中型SUV,467496
2023年,2,轩逸,1145,东风日产,日产,6.19-14.19万,紧凑型车,354252
2023年,3,朗逸,393,上汽大众,大众,7.1-11.29万,紧凑型车,335073
2023年,4,秦PLUS DM,4802,比亚迪,比亚迪,6.78-9.48万,紧凑型车,307126
2023年,5,元PLUS,5248,比亚迪,比亚迪,10.18-13.98万,紧凑型SUV,295493
2023年,6,海豚,5008,比亚迪,比亚迪,8.38-11.78万,小型车,288207
2023年,7,速腾,414,一汽-大众,大众,7.98-13.19万,紧凑型车,278400
2023年,8,宋PLUS DM,4865,比亚迪,比亚迪,11.58-15.58万,紧凑型SUV,267890
2023年,9,海鸥,5952,比亚迪,比亚迪,6.68-8.28万,小型车,245126
2023年,10,长安CS75 PLUS,3196,长安汽车,长安,8.99-12.49万,紧凑型SUV,238049
2023年,11,AION Y,4814,广汽埃安新能源,埃安,8.68-12.28万,紧凑型SUV,230925
2023年,12,五菱宏光MINIEV,4499,上汽通用五菱,五菱汽车,3.53-5.18万,微型车,226313
2023年,13,凯美瑞,535,广汽丰田,丰田,13.88-22.68万,中型车,222279
2023年,14,AION S,3101,广汽埃安新能源,埃安,6.88-15.49万,紧凑型车,215813
2023年,15,宋Pro DM,3504,比亚迪,比亚迪,8.78-12.78万,紧凑型SUV,204861
2023年,16,哈弗H6,649,长城汽车,哈弗,7.19-12.19万,紧凑型SUV,203178
2023年,17,本田CR-V,280,东风本田,本田,13.99-20.99万,紧凑型SUV,197459
2023年,18,帕萨特,398,上汽大众,大众,13.85-28.38万,中型车,195101
2023年,19,迈腾,415,一汽-大众,大众,12.29-21.69万,中型车,190381
2023年,20,锋兰达,5369,广汽丰田,丰田,8.78-14.68万,紧凑型SUV,187520
2023年,21,RAV4荣放,546,一汽丰田,丰田,14.68-23.88万,紧凑型SUV,182441
2023年,22,奥迪A6L,99,一汽奥迪,奥迪,29.1-43.29万,中大型车,177463
2023年,23,卡罗拉,542,一汽丰田,丰田,7.58-12.48万,紧凑型车,175759
2023年,24,途观L,404,上汽大众,大众,13.78-21.78万,中型SUV,165258
2023年,25,雅阁,289,广汽本田,本田,12.88-18.78万,中型车,164483
2023年,26,五菱缤果,6266,上汽通用五菱,五菱汽车,5.18-8.48万,小型车,164453
2023年,27,思域,276,东风本田,本田,9.79-14.79万,紧凑型车,161067
2023年,28,星越L,4857,吉利汽车,吉利汽车,12.47-16.47万,紧凑型SUV,160054
2023年,29,逸动,1455,长安汽车,长安,5.29-8.49万,紧凑型车,155343
2023年,30,奔驰C级,212,北京奔驰,奔驰,21.56-26.56万,中型车,151487
2023年,31,宝马3系,145,华晨宝马,宝马,20.8-28.99万,中型车,148349
2023年,32,卡罗拉锐放,5382,一汽丰田,丰田,9.38-15.18万,紧凑型SUV,143215
2023年,33,Model 3,3762,特斯拉中国,特斯拉,23.55-33.95万,中型车,143179
2023年,34,奥迪Q5L,2916,一汽奥迪,奥迪,24.49-38.18万,中型SUV,141341
2023年,35,威兰达,4172,广汽丰田,丰田,12.98-22.08万,紧凑型SUV,140620
2023年,36,帝豪,733,吉利汽车,吉利汽车,4.88-8.29万,紧凑型车,140442
2023年,37,博越L,6025,吉利汽车,吉利汽车,8.99-11.99万,紧凑型SUV,139673
2023年,38,奔驰E级,214,北京奔驰,奔驰,26.08-45.98万,中大型车,137678
2023年,39,宝来,409,一汽-大众,大众,6.66-11.76万,紧凑型车,137503
2023年,40,瑞虎8,2794,奇瑞汽车,奇瑞,7.99-12.29万,中型SUV,134751
2023年,41,理想L7,6173,理想汽车,理想汽车,30.18-35.98万,中大型SUV,134089
2023年,42,长安Lumin,5859,长安启源,长安启源,3.49-6.99万,微型车,132053
2023年,43,探岳,2835,一汽-大众,大众,13.39-20.49万,中型SUV,129985
2023年,44,奥迪A4L,96,一汽奥迪,奥迪,20-25.03万,中型车,129826
2023年,45,宝马5系,146,华晨宝马,宝马,29.3-35.7万,中大型车,129113
2023年,46,星瑞,3476,吉利汽车,吉利汽车,8.97-13.67万,紧凑型车,127769
2023年,47,哈弗大狗,4563,长城汽车,哈弗,9.09-11.69万,紧凑型SUV,125216
2023年,48,唐DM,311,比亚迪,比亚迪,15.48-19.78万,中型SUV,121114
2023年,49,秦PLUS EV,4899,比亚迪,比亚迪,8.78-16.38万,紧凑型车,120299
2023年,50,皓影,4079,广汽本田,本田,12.99-20.39万,紧凑型SUV,115412
2024年,1,Model Y,4363,特斯拉中国,特斯拉,26.35-31.35万,中型SUV,480309
2024年,2,海鸥,5952,比亚迪,比亚迪,6.68-8.28万,小型车,453593
2024年,3,轩逸,1145,东风日产,日产,6.19-14.19万,紧凑型车,342395
2024年,4,朗逸,393,上汽大众,大众,7.1-11.29万,紧凑型车,322933
2024年,5,秦PLUS DM,4802,比亚迪,比亚迪,6.78-9.48万,紧凑型车,304388
2024年,6,元PLUS,5248,比亚迪,比亚迪,10.18-13.98万,紧凑型SUV,275223
2024年,7,宋PLUS DM,4865,比亚迪,比亚迪,11.58-15.58万,紧凑型SUV,266189
2024年,8,五菱宏光MINIEV,4499,上汽通用五菱,五菱汽车,3.53-5.18万,微型车,261141
2024年,9,帕萨特,398,上汽大众,大众,13.85-28.38万,中型车,246007
2024年,10,宋Pro DM,3504,比亚迪,比亚迪,8.78-12.78万,紧凑型SUV,241598
2024年,11,速腾,414,一汽-大众,大众,7.98-13.19万,紧凑型车,241128
2024年,12,秦L DM,9796,比亚迪,比亚迪,8.98-14.38万,中型车,229260
2024年,13,星越L,4857,吉利汽车,吉利汽车,12.47-16.47万,紧凑型SUV,219892
2024年,14,长安CS75 PLUS,3196,长安汽车,长安,8.99-12.49万,紧凑型SUV,218353
2024年,15,驱逐舰05,5290,比亚迪,比亚迪,6.98-11.88万,紧凑型车,210832
2024年,16,五菱缤果,6266,上汽通用五菱,五菱汽车,5.18-8.48万,小型车,210374
2024年,17,锋兰达,5369,广汽丰田,丰田,8.78-14.68万,紧凑型SUV,204847
2024年,18,海豹06DM,9824,比亚迪,比亚迪,9.18-13.18万,中型车,193587
2024年,19,RAV4荣放,546,一汽丰田,丰田,14.68-23.88万,紧凑型SUV,193402
2024年,20,问界M7,5820,赛力斯汽车,AITO,27.98-38.98万,中大型SUV,193342
2024年,21,卡罗拉锐放,5382,一汽丰田,丰田,9.38-15.18万,紧凑型SUV,190992
2024年,22,瑞虎8,2794,奇瑞汽车,奇瑞,7.99-12.29万,中型SUV,190114
2024年,23,理想L6,5845,理想汽车,理想汽车,24.98-27.98万,中大型SUV,189876
2024年,24,本田CR-V,280,东风本田,本田,13.99-20.99万,紧凑型SUV,182183
2024年,25,奥迪A6L,99,一汽奥迪,奥迪,29.1-43.29万,中大型车,176347
2024年,26,秦PLUS EV,4899,比亚迪,比亚迪,8.78-16.38万,紧凑型车,175637
2024年,27,迈腾,415,一汽-大众,大众,12.29-21.69万,中型车,174973
2024年,28,Model 3,3762,特斯拉中国,特斯拉,23.55-33.95万,中型车,172512
2024年,29,途观L,404,上汽大众,大众,13.78-21.78万,中型SUV,170679
2024年,30,探岳,2835,一汽-大众,大众,13.39-20.49万,中型SUV,164177
2024年,31,海豚,5008,比亚迪,比亚迪,8.38-11.78万,小型车,160594
2024年,32,奔驰C级,212,北京奔驰,奔驰,21.56-26.56万,中型车,159700
2024年,33,凯美瑞,535,广汽丰田,丰田,13.88-22.68万,中型车,158038
2024年,34,AION Y,4814,广汽埃安新能源,埃安,8.68-12.28万,紧凑型SUV,156503
2024年,35,问界M9,6325,赛力斯汽车,AITO,46.98-59.98万,大型SUV,156051
2024年,36,星瑞,3476,吉利汽车,吉利汽车,8.97-13.67万,紧凑型车,154783
2024年,37,逸动,1455,长安汽车,长安,5.29-8.49万,紧凑型车,153348
2024年,38,奔驰GLC,216,北京奔驰,奔驰,26.18-41.28万,中型SUV,153100
2024年,39,雅阁,289,广汽本田,本田,12.88-18.78万,中型车,152949
2024年,40,宋PLUS EV,4540,比亚迪,比亚迪,13.48-18.08万,紧凑型SUV,148871
2024年,41,红旗H5,6132,一汽红旗,红旗,10.98-16.58万,中型车,148793
2024年,42,奥迪Q5L,2916,一汽奥迪,奥迪,24.49-38.18万,中型SUV,147224
2024年,43,奔驰E级,214,北京奔驰,奔驰,26.08-45.98万,中大型车,145535
2024年,44,长安Lumin,5859,长安启源,长安启源,3.49-6.99万,微型车,145142
2024年,45,宝马3系,145,华晨宝马,宝马,20.8-28.99万,中型车,144302
2024年,46,汉DM,4228,比亚迪,比亚迪,14.68-20.38万,中大型车,141284
2024年,47,AION S,3101,广汽埃安新能源,埃安,6.88-15.49万,紧凑型车,139821
2024年,48,小米SU7,6187,小米汽车,小米汽车,21.59-30.39万,中大型车,139487
2024年,49,威兰达,4172,广汽丰田,丰田,12.98-22.08万,紧凑型SUV,138036
2024年,50,艾瑞泽8,5852,奇瑞汽车,奇瑞,8.99-12.89万,紧凑型车,137510
2025年,1,星愿,20154,吉利银河,吉利银河,5.98-8.98万,小型车,465775
2025年,2,五菱宏光MINIEV,4499,上汽通用五菱,五菱汽车,3.53-5.18万,微型车,435599
2025年,3,Model Y,4363,特斯拉中国,特斯拉,26.35-31.35万,中型SUV,425337
2025年,4,轩逸,1145,东风日产,日产,6.19-14.19万,紧凑型车,320000
2025年,5,海鸥,5952,比亚迪,比亚迪,6.68-8.28万,小型车,310956
2025年,6,秦PLUS DM,4802,比亚迪,比亚迪,6.78-9.48万,紧凑型车,276892
2025年,7,朗逸,393,上汽大众,大众,7.1-11.29万,紧凑型车,270477
2025年,8,小米SU7,6187,小米汽车,小米汽车,21.59-30.39万,中大型车,258164
2025年,9,速腾,414,一汽-大众,大众,7.98-13.19万,紧凑型车,255979
2025年,10,星越L,4857,吉利汽车,吉利汽车,12.47-16.47万,紧凑型SUV,237534
2025年,11,博越L,6025,吉利汽车,吉利汽车,8.99-11.99万,紧凑型SUV,232926
2025年,12,帕萨特,398,上汽大众,大众,13.85-28.38万,中型车,227131
2025年,13,凯美瑞,535,广汽丰田,丰田,13.88-22.68万,中型车,208653
2025年,14,RAV4荣放,546,一汽丰田,丰田,14.68-23.88万,紧凑型SUV,204184
2025年,15,途观L,404,上汽大众,大众,13.78-21.78万,中型SUV,202904
2025年,16,迈腾,415,一汽-大众,大众,12.29-21.69万,中型车,202293
2025年,17,Model 3,3762,特斯拉中国,特斯拉,23.55-33.95万,中型车,193843
2025年,18,秦L DM,9796,比亚迪,比亚迪,8.98-14.38万,中型车,192623
2025年,19,元UP,9689,比亚迪,比亚迪,6.98-10.68万,小型SUV,189277
2025年,20,卡罗拉锐放,5382,一汽丰田,丰田,9.38-15.18万,紧凑型SUV,186575
2025年,21,宋Pro DM,3504,比亚迪,比亚迪,8.78-12.78万,紧凑型SUV,180661
2025年,22,瑞虎8,2794,奇瑞汽车,奇瑞,7.99-12.29万,中型SUV,179465
2025年,23,长安CS75 PLUS,3196,长安汽车,长安,8.99-12.49万,紧凑型SUV,175597
2025年,24,小鹏MONA M03,10170,小鹏汽车,小鹏汽车,11.98-15.18万,紧凑型车,175345
2025年,25,锋兰达,5369,广汽丰田,丰田,8.78-14.68万,紧凑型SUV,174434
2025年,26,探岳,2835,一汽-大众,大众,13.39-20.49万,中型SUV,173329
2025年,27,本田CR-V,280,东风本田,本田,13.99-20.99万,紧凑型SUV,171207
2025年,28,奥迪A6L,99,一汽奥迪,奥迪,29.1-43.29万,中大型车,170821
2025年,29,逸动,1455,长安汽车,长安,5.29-8.49万,紧凑型车,168949
2025年,30,理想L6,5845,理想汽车,理想汽车,24.98-27.98万,中大型SUV,166516
2025年,31,海豹06DM,9824,比亚迪,比亚迪,9.18-13.18万,中型车,165845
2025年,32,红旗H5,6132,一汽红旗,红旗,10.98-16.58万,中型车,163573
2025年,33,熊猫,6148,吉利银河,吉利银河,3.79-4.69万,微型车,157725
2025年,34,长安Lumin,5859,长安启源,长安启源,3.49-6.99万,微型车,156588
2025年,35,宝马3系,145,华晨宝马,宝马,20.8-28.99万,中型车,156215
2025年,36,海豚,5008,比亚迪,比亚迪,8.38-11.78万,小型车,156090
2025年,37,雅阁,289,广汽本田,本田,12.88-18.78万,中型车,152115
2025年,38,小米YU7,20041,小米汽车,小米汽车,25.35-32.99万,中大型SUV,151439
2025年,39,哈弗大狗,4563,长城汽车,哈弗,9.09-11.69万,紧凑型SUV,149708
2025年,40,问界M8,24850,赛力斯汽车,AITO,35.98-45.98万,大型SUV,148537
2025年,41,途岳,2836,上汽大众,大众,7.99-16.49万,紧凑型SUV,148416
2025年,42,星瑞,3476,吉利汽车,吉利汽车,8.97-13.67万,紧凑型车,147334
2025年,43,艾瑞泽8,5852,奇瑞汽车,奇瑞,8.99-12.89万,紧凑型车,147212
2025年,44,宋L DM,20012,比亚迪,比亚迪,11.98-15.98万,中型SUV,137120
2025年,45,五菱缤果,6266,上汽通用五菱,五菱汽车,5.18-8.48万,小型车,136213
2025年,46,零跑C10,9307,零跑汽车,零跑汽车,11.38-16.88万,中型SUV,135043
2025年,47,缤越,2975,吉利汽车,吉利汽车,5.88-8.58万,小型SUV,133888
2025年,48,奥迪Q5L,2916,一汽奥迪,奥迪,24.49-38.18万,中型SUV,133589
2025年,49,奔驰E级,214,北京奔驰,奔驰,26.08-45.98万,中大型车,130810
2025年,50,昂科威,352,上汽通用别克,别克,16.49-19.49万,中型SUV,129095
